country,1969,1970,1971,1972,1973,1974,1975,1976,1977,1978,1979,1980,1981,1982,1983,1984,1985,1986,1987,1988,1989,1990,1991,1992,1993,1994,1995,1996,1997,1998,1999,2000,2001,2002,2003,2004,2005,2006,2007,2008,2009,2010,2011,2012,2013,2014,2015,2016,2017,2018,2019
Aruba,,,,,,,,,,,,,,,,,0,0.223,2.06,0.187,17.1,21.2,−3.86,−1.66,−5.88,−0.419,6.16,12.9,6.81,27.1,−6.83,−13.9,17.1,7.9,−4.74,−8.92,9.09,−18,0.688,−0.425,7.81,19.1,−12.4,8.3,8.98,−0.971,0.923,5.25,4.24,,
Afghanistan,0.0132,0.0246,0.0094,0.0156,,,0.00157,−0.00813,,0.0324,0.247,0.00517,,,,,,,,,,,,,,,,,,,,,1.23,1.28,3.58,4.36,3.41,1.94,0.455,0.452,1.2,0.293,0.285,0.24,0.21,0.884,0.517,0.275,0.662,0.124,0.0645
Angola,,,,,,,,,,,0.631,0.884,2.09,1.8,1.1,3.68,3.31,1.47,1.49,1.96,−2.98,6.27,3.47,5.24,3.84,8.53,2.4,5.38,17.1,40.2,9.62,24,11.4,20.1,9.33,−3.53,−0.072,−1.37,1.9,3.14,−3.85,−2.7,−1.14,−5.21,2.51,8.63,−0.178,−6.06,−6.37,−4.58,−3.2
Albania,,,,,,,,,,,,,,,0,0,0,0,0,0,0,0,3.07,4.89,2.82,2.93,2.82,2.1,1.77,1.28,4.11,5.29,3.1,3.17,4.75,3.26,3.65,6.11,9.68,11.2,9.14,8.14,7.45,9.82,8.69,8.69,8.81,7.86,7.95,7.8,7.19
United Arab Emirates,,,,,,0.108,0.257,0.451,0.165,0.207,0.224,−0.0343,0.204,0.106,0.407,−0.544,0.325,0.128,0.521,0.0935,−0.228,0.0503,0.239,0.721,0.105,0.608,0.408,0.295,0.34,−1.17,−0.485,1.15,0.0868,3.42,6.77,6.03,5.77,5.5,1.6,0.447,3.04,2.04,2.55,2.5,2.75,2.39,2.69,2.69,2.46,4.28,5.54
Argentina,0.284,0.377,0.206,0.191,0.0247,0.106,0.478,0.254,0.43,0.297,0.881,1.06,0.269,0.178,0.339,1.04,0.517,−0.0171,0.909,1.34,1.3,1.29,1.94,1.18,1.41,2.17,2.55,3.13,2.44,8.46,3.67,0.806,2.2,1.29,2.51,2.65,2.38,2.25,2.69,1.21,2.68,2.04,2.81,1.78,0.962,1.98,0.585,1.79,2.23,1.47,1.03
Armenia,,,,,,,,,,,,,,,,,,,,,,,0.189,0.0666,0.608,1.72,1.1,3.17,12.3,6.61,5.45,3.3,4.66,4.38,6.91,5.96,7.31,7.25,8.09,8.79,5.72,6.44,4.68,3.11,3.5,1.74,3.16,2.18,2.14,0.741,0.373
Antigua and Barbuda,,,,,,,,2.84,−7.85,7.79,14.9,15.2,14,2.75,2.11,6.48,7.78,11.4,8.27,9.82,13.2,11.4,3.94,2.85,4.21,5.45,3.05,3.37,3.13,6.76,5.22,12.3,8.09,19.4,8.74,21.6,31,25.8,11.6,6.57,8.42,5.73,10.8,11.4,3.7,8.53,6.78,10.3,12.8,7.57,5.37
Australia,2.16,2.55,2.02,0.212,1.49,0.461,0.996,1.03,1.41,1.1,1.24,1.33,1.18,1.69,0.221,1.16,2.94,2.74,3.59,2.68,2.72,0.801,1.52,1.7,1.38,3.61,1.14,1.86,1.9,0.568,3.58,2.83,3.71,1.92,6.99,−3.61,4.09,5.2,4.28,3.09,3.07,4.69,3.72,3.46,4.31,3.47,3.56,3.63,4.29,2.81,1.48
Austria,0.733,0.799,0.659,0.545,0.503,0.197,0.212,0.188,0.229,0.254,0.292,0.461,0.292,0.3,0.17,0.244,0.185,0.319,0.334,0.437,0.392,0.207,0.761,0.591,1.02,0.757,1.82,1.25,2.09,1.37,4.31,2.88,0.0645,2.36,1.06,25.7,3.12,17.7,1.46,3.56,−5.61,5.32,1.27,0.105,0.387,−2.09,−7.31,3.24,−6.28,−2.95,−4.2
Azerbaijan,,,,,,,,,,,,,,,,,,,,,,,,0.00064,1.84,13.7,19.7,28.1,23,11.1,2.46,14.4,32.5,55.1,54.4,33.8,21.4,13.9,8.16,6.55,6.34,6.8,7.6,3.53,5.89,7.63,11.9,7.02,2.98,3.12,1.19
Burundi,0.0412,,0.166,0.145,0.0637,0.076,0.0178,−0.0457,0.146,−0.0383,0.5,1.14,0.0888,0.281,0.121,0.0468,0.127,0.121,0.111,0.0509,0.111,0.0765,0.0554,0.0505,0.00043,0.198,0,0,0,−0.0588,1.34,−0.0013,0,0,0.00488,0.0523,0.00248,0.0369,0.238,0.0196,0.0384,0.15,0.0259,4.76,3.02,1.6,0.00203,0.0115,0.0369,0.0397,0.213
Belgium,1.18,1.44,1.04,1.51,2.03,1.45,1.23,1.54,1.42,0.972,1.22,1.32,1.6,1.48,0.467,1.22,0.608,1.58,3.21,4.27,3.92,4.45,4.81,4.78,3.48,3.71,5.04,4.75,8.78,46.3,37.5,37.3,7.01,10.9,12.1,8.73,14.4,20.5,36.8,16,26.1,31.3,2.38,−5.68,−2.84,−4.22,12.1,−7.42,−7.66,−5.62,−3.37
Benin,2.01,0.836,1.17,0.694,−0.422,0.279,0.351,0.417,0.0811,0.301,0.307,0.162,−0.00096,0.00096,0.00109,−0.00861,0.0823,0.0064,−1.34,−0.0745,−0.151,0.0198,0.0563,−0.951,−0.445,−0.357,−0.621,0.537,0.46,0.253,−0.363,0.457,−0.462,0.199,−0.659,−0.134,−0.176,1.7,0.493,−0.193,0.561,1.51,2.53,2.88,3.05,1.32,1.11,1.58,1.36,1.52,1.12
Burkina Faso,0.0873,0.207,−0.121,0.652,0.355,0.0319,0.21,0.439,0.0786,0.0852,0.00104,0.137,0.111,0.124,0.114,−0.0921,0.154,0.0561,0.142,0.217,0.0148,0.0182,0.0927,0.0993,0.969,0.413,0.627,0.399,0.157,0.234,0.778,0.196,0.415,0.614,0.263,0.848,1.28,0.285,0.351,0.599,0.384,1.19,2.62,3.65,2.56,1.96,3.04,0.0182,1.69,1.01,0.828
Bangladesh,,,0.00143,0.0289,0.0176,0.00794,0.0536,0.0723,0.058,−0.0515,0.0469,0.0265,0.0376,0.00229,−0.00292,−0.0299,0.0112,0.0132,0.00692,0.00086,0.0103,0.00449,0.0117,0.0424,0.033,0.005,0.0291,0.289,0.38,0.35,0.525,0.145,0.0956,0.446,0.689,1.17,0.636,0.818,1.45,0.879,1.07,0.983,1.19,1.74,1.47,1.45,1.05,0.725,0.884,0.631,0.354
Bulgaria,,,,,,,,,,,0,0,0,0,0,0,0,0,0,0,0.0194,0.511,0.401,0.369,1.09,0.476,0.887,4.46,3.57,6.01,7.56,5.73,5.52,9.92,11.7,13.7,22.9,31.2,18.9,7.49,3.64,3.65,3.29,3.56,1.92,4.37,2.76,3.39,2.73,3.22,3.87
Bahrain,,,,,,,,,,,−13.6,0.12,0.781,1.72,3.6,2.77,−1.05,−1.06,6,4.68,2.17,13.4,18.3,−5.29,3.74,7.36,33.6,5.19,2.9,6.85,4.01,0.895,2.26,4.67,6.58,6.57,15.8,8.08,6.98,1.12,0.606,2.71,5.02,11.5,4.55,0.209,0.755,1.46,0.294,3.88,2.9
Bahamas,14.9,9.53,15.3,15.2,22.7,2.95,2.27,4.4,−0.132,0.842,0.307,2.41,0.177,−0.346,−0.24,−1.3,−0.534,0.398,1.3,0.83,−0.537,−0.0418,0.00965,0.883,0.724,3.12,2.43,3.32,2.15,1.94,3.1,1.23,1.72,2.14,3.02,5.73,6.95,6.72,8.17,6.65,8.64,6.62,4.91,3.64,2.26,0.64,3.26,2.46,3.83,2.01,3.63
Bosnia and Herzegovina,,,,,,,,,,,,,,,,,,,,,,,,,,,,,1.62,3.77,2.62,2.04,3.98,4.49,8.76,5.56,6.58,11.7,5.26,0.786,2.58,2.53,2.28,1.72,2.94,2.36,1.85,2.82,2.98,2.17,2.06
Belarus,,,,,,,,,,,,,,,,,,,,,,,0.0411,0.108,0.0703,0.105,0.708,2.49,1.33,3.66,0.933,0.775,1.69,0.964,0.708,1.01,0.966,3.99,3.6,3.69,2.44,6.48,2.23,2.97,2.36,2.93,2.61,2.33,2.38,1.98,2.31
Belize,13.3,5.64,,,,,,,1.47,−0.0329,,−1.02,,,−1.73,1.74,1.99,2.44,4.37,5.05,4.17,3.06,3.01,1.64,2.64,3.39,2.58,1.83,2.56,8.01,3.55,7.04,2.75,−1.11,10.6,11.5,8.99,11,12.6,8.26,7,6.53,12.8,5.84,8.46,3.43,1.83,1.71,6.37,4.74,4.66
Bermuda,,,,,,,,,,,,,,,,,,,,,,,,,,,,1.18,3.28,1.82,1.92,1.14,0.137,0.308,18.5,0.898,−1.44,9.12,2.46,−1.06,3.36,−4.08,0.747,0.849,−0.0534,−2.15,−1.06,−4.03,1.32,0.0587,6.96
Bolivia,1.94,0.173,1.29,0.364,2.11,2.56,−0.296,−0.0372,0.306,0.792,1.04,1.29,0.557,0.129,0.113,0.186,0.253,0.881,−0.22,−0.517,0.559,0.973,1.65,2.16,2.18,5.85,6.41,9.22,11.2,12.2,8.77,8.67,8.56,2.44,0.746,−2.5,2.45,2.79,3.07,2.44,3.17,3.58,3.91,5.71,1.99,1.68,0.988,1.9,0.751,−0.53,−3.05
Brazil,0.925,0.919,0.787,1.41,1.1,1.01,1.02,1.04,1,1.09,0.805,0.977,1.07,0.848,0.846,0.683,0.135,0.413,0.909,0.326,0.253,0.322,0.628,0.351,0.585,0.632,1.48,2.15,3.34,4.73,5.03,4.15,3.25,1.81,2.71,1.73,1.75,3.19,2.99,1.89,3.73,3.92,3.75,3.04,3.57,3.59,4.14,3.34,4.08,3.68,2.62
Barbados,,,,,0.769,1.12,1.58,0.993,1.63,4.52,2.89,3.35,3.02,1.31,2.67,0.344,0.501,0.417,1.43,0.433,0.557,0.367,0.738,0.456,0.602,2.88,0.67,1.13,1.04,1.61,2.41,3,7.35,5.75,6.63,10.2,8.12,10.2,12.9,7.97,9.39,9.87,11.5,2.23,16,14.6,11.5,4.14,4.75,4.13,5.93
Brunei,47.8,−8.89,−1.4,0.067,0.194,0.0728,−2.17,−0.19,0.235,0.0125,−0.397,−0.254,0.146,0.0942,0.0211,0.104,−0.257,−0.00254,0.0171,0.335,0.199,0.135,0.167,0.195,0.144,12.3,12.8,13.5,14.2,16.3,9.16,1.08,3.93,1.89,1.44,1.84,0.766,2.1,1.54,3.03,3.51,3.73,4.54,4.29,3.36,1.32,−1.32,3.86,3.8,2.77,4.71
Bhutan,,,,,,,,,,,,,,,,,,,,,0.556,0.25,,,,0.0172,0.461,−0.199,,0.263,,,0.466,0.558,1.3,0.779,0.7,6.32,0.256,1.48,4.86,1.75,1.37,1.16,1.23,0.322,0.55,−0.676,0.108,0.513,−0.12
Botswana,,,,,0.0229,−10.8,3.03,2.71,6.91,15.6,10.5,8.24,2.08,2.03,5.01,4.81,5.06,5.78,1.51,1.37,2.53,−0.208,−0.0377,−6.9,−0.332,1.49,1.47,1.99,1.99,0.669,0.988,0.559,7.5,5.57,4.36,4.24,4.8,4.52,4.76,2.03,1.71,1.91,1.02,0.451,3.29,2.79,0.945,1.62,1.69,0.564,0.532
Central African Republic,0.635,0.347,0.651,−0.0737,2.06,1.48,0.82,−0.561,0.997,3.25,0.67,0.832,1.22,0.678,0.807,0.346,0.727,0.991,−0.303,0.104,0.0484,−0.354,−0.756,−0.78,0.423,0.556,1.08,0.16,0.755,0.598,0.0972,0.556,0.569,0.991,1.19,0.755,2.37,3.34,5.9,2.05,2.87,1.51,2.79,0.11,0.183,0.177,0.398,0.332,0.811,1.15,1.46
Canada,2.08,2.29,1.87,2.43,2.32,1.95,1.19,1.59,1.71,2.18,2.12,0.217,0.0287,1.36,1.6,0.345,0.718,1.99,1.42,1.27,1.41,0.576,1.18,0.724,1.65,2.26,1.4,2.32,3.94,4.05,9.17,3.84,3.22,0.783,0.141,2.18,4.87,8.2,4.52,1.52,1.84,2.14,2.7,3.63,3.55,3.85,2.24,1.54,2.47,2.79,1.61
Switzerland,,,,,,,,,,,,,,0.56,0.709,1.14,1.33,1.16,0.188,1.2,2.08,1.05,0.403,0.626,1.22,1.18,1.43,2.84,3.73,4.87,8.25,3.4,2.66,5.43,1.75,0.634,12.1,9.87,0.524,8.54,2.93,2.88,5.77,−3.5,2.86,16.9,24,20.3,−21.8,1.2,−34.2
Chile,0.135,−0.174,−0.00928,−0.0285,0.0143,0.656,−0.00967,0.15,1.13,1.12,0.734,1.11,1.58,0.663,0.398,0.815,1.67,4,3.72,4.29,2,2.17,2.04,2.1,4.53,4.03,6.17,6.21,5.67,11.7,6.24,5.92,3.66,5.32,6.85,6.07,4.9,7.76,10.3,8.04,7.33,10.1,11.7,7.98,9.04,8.56,4.92,2.21,2.61,4.51,3.37
China,,,,,,,,,,40µ,0.0298,0.135,0.21,0.276,0.484,0.536,0.623,0.848,1.02,0.976,0.966,1.14,2.61,6.19,5.99,4.88,4.65,4.73,4.44,3.75,3.48,3.51,3.61,3.49,3.48,4.55,4.51,4.4,3.73,2.57,4,3.71,2.83,3.04,2.56,2.19,1.56,1.35,1.69,1.31,1.44
Cote d'Ivoire,2.11,0.991,1.01,2.03,1.06,1.77,0.961,0.234,1.05,0.818,0.93,0.388,0.627,0.549,0.318,0.418,0.773,0.868,0.504,0.19,0.449,0.177,0.619,1.59,1.41,1.93,1.49,2.3,3.87,1.25,1.42,1.62,1.18,0.778,1.2,1.45,1.39,1.54,1.37,1.17,1.03,0.823,0.91,0.953,0.9,1.08,1.2,1.89,1.07,1.45,0.829
Cameroon,1.39,0.137,0.22,0.163,1,0.949,0.566,0.257,0.87,1.05,1.95,2.05,1.69,3.11,0.242,3.7,−0.765,0.888,0.755,−0.779,−0.916,−0.122,0.242,0.0316,0.0413,0.139,0.941,1.39,0.489,0.303,1.51,−0.107,4.07,2.1,0.361,1.25,0.283,0.792,0.0757,2.67,1.95,2.13,1.75,1.62,1.99,2.16,1.96,2.26,1.91,2.58,1.65
"Congo, Dem. Rep.",0.132,0.103,0.17,0.225,0.542,0.0891,2.47,0.147,0.635,0.955,0.762,0.555,−0.0174,−1.75,−0.413,0.962,0.0686,−0.719,−0.0445,−0.0677,−0.155,0.129,−0.00887,0.0642,−0.0257,−0.396,0.429,−0.728,0.987,0.237,0.493,1.37,2.15,4.38,3.97,1.5,1.77,10.8,8.73,−1.3,12.7,6.18,9.87,5.19,4.18,3.07,2.51,2.76,2.99,2.68,3.08
"Congo, Rep.",1.85,15.1,16.1,12.6,7.88,2.01,0.315,0.26,0.461,1.37,2.35,1.55,1.64,2.67,1.59,0.587,1.21,1.89,0.411,−0.298,0.806,1.2,0.0934,10.7,0.169,5.33,2.46,−2.12,−8.7,−2.9,−3.03,−4.84,6.56,6.27,1.9,12,18.4,16.2,16.7,12.2,11.6,1.91,−0.391,10.5,16.1,36,0.495,39.8,31.6,26.4,39.4
Colombia,0.597,0.551,0.213,0.231,0.331,0.283,0.163,0.334,0.46,0.455,0.47,0.728,0.939,1.6,1.53,2.93,1.93,0.877,0.518,1.46,1.05,0.929,1.25,1.44,1.77,1.05,3.2,5.21,2.87,1.75,2.44,2.59,2.18,1.82,2.66,7.03,4.18,4.31,4.36,3.46,2.24,4.37,4.05,4.24,4.24,3.96,4.9,4.39,3.38,4.33,2.75
Comoros,,,,,,,,,,,0,0,0.0815,0,0,0,0,2.24,1.06,0.957,0.0915,0.591,−0.316,0.0421,0.0557,0.223,0.129,0.00549,0.104,0.0709,0.0267,0.303,0.101,0.145,0.106,0.0855,0.111,0.967,0.508,1.53,0.92,2.26,1.02,0.379,0.407,0.511,0.352,0.364,0.477,0.361,0.314
Cape Verde,,,,,,,,,,,0,0,0,0,0,0,−0.00458,1.18,0.226,0.0651,0.0823,0.545,0.126,0.743,0.523,5.37,5.68,2.36,1.3,9.1,6.34,1.6,2.38,4.82,7.32,8.28,11.9,12.7,11.8,7.36,6.98,5.48,7.35,4.83,9.71,6.02,7.6,6.32,5.73,5.21,4.35
Costa Rica,2.68,2.05,2.09,2.47,2.78,3.52,2.57,2.03,1.38,1.08,1.09,2.65,1.11,1.93,1.53,1.78,1.38,1.77,2.65,1.93,2.85,2.48,2.64,2.57,2.84,2.91,3.66,3.25,4.49,4.35,4.82,3.89,4.36,4.48,5.82,7.63,7.93,8.34,7.91,5.25,5.06,6.39,5.71,6.29,6.23,5.24,4.45,4.83,4.83,4.24,3.4
Cayman Islands,,,,,,,,,,,,,,,,,,,,,,,,,,,,,,,,,,,,,591,632,426,474,504,744,501,792,1010,1710,54.7,48.5,3.14,16.6,422
Cyprus,,,,,,3.69,5.62,5.63,5.92,5.47,3.94,3.75,3.31,3.16,2.31,2.38,1.5,1.4,1.45,1.53,2.26,1.42,1.55,1.27,1.01,2.45,2.33,5.72,3.37,7.74,8.56,9.09,9.66,6.24,6.46,6.3,9.33,9.57,44.2,249,121,147,280,109,223,146,40.6,63,−4.35,163,−1.33
Czech Republic,,,,,,,,,,,,,,,,,,,,,,,,1.6,1.84,4.27,2.13,2.07,5.54,9.69,8.07,8.32,10.3,2.02,5.36,10,4.56,7.26,3.72,2.54,4.86,1.82,4.52,3.48,3.86,0.904,5.53,5.14,3.34,4.26,2.62
Germany,,0.441,0.633,0.528,0.489,0.141,0.254,0.158,0.217,0.197,−0.0196,−0.052,0.0603,0.129,0.0815,0.0725,0.114,0.125,−0.108,0.37,0.144,0.254,−0.1,0.0232,0.341,0.466,0.624,0.843,1.32,3.92,12.7,2.93,2.47,2.61,−0.725,2.1,2.92,1.48,0.827,1.66,2.53,2.6,1.86,1.8,0.501,1.86,1.86,2.97,3.99,1.74,2.93
Djibouti,,,,,,,,,,,,,,,,0.0674,,0.112,0.152,−0.0318,0.0133,0.495,0.479,0.305,0.29,0.647,0.661,0.617,0.617,0.599,0.596,0.593,0.581,2.29,5.79,3.13,14.1,23,22.8,9.23,3.23,6.38,8.13,14,6.91,5.92,6.15,5.99,5.64,5.26,4.68
Dominica,,,,,,,,0.174,0,0,0,5.85,0.223,0.203,2.11,2.51,3.84,8.9,6.97,9.29,6.4,6.93,8.72,5.38,8.55,19.7,6.09,6.97,2.02,5.41,5.28,5.03,6.04,9.17,7.13,5.28,6.64,9.61,12.3,8.67,4.93,2.83,4.76,3.6,2.37,1.32,7.33,4.36,14.2,10.3,4.36
Denmark,0.609,0.655,0.706,0.69,0.703,0.66,−0.427,0.152,0.148,0.318,0.146,0.161,0.222,0.0992,−0.026,0.177,0.185,0.0774,0.436,0.969,0.819,1.12,0.665,1.2,3.21,2.24,0.412,1.61,3.77,9.47,21.9,5.64,2.48,0.543,−3.5,4.86,0.843,3.7,0.62,1.17,−3.65,3.94,−5,0.198,1.86,0.611,2.49,1.09,2.46,−1.09,0.444
Dominican Republic,4.82,3.9,2.19,1.47,1.83,1.78,1.52,1.56,1.34,0.311,1.37,1.05,−0.0169,0.523,0.591,0.718,0.817,1.53,1.97,1.65,1.88,1.48,1.55,1.46,1.42,2.51,0.736,2.04,3.09,6.08,4.07,4.25,3.41,2.88,4.19,3.13,4.04,5.12,5.67,3.51,3.38,3.79,5.63,2.55,3.55,3.13,3.32,4.5,3.21,3.18,3.11
Algeria,1.65,0.0118,0.613,0.586,2.71,0.765,1.05,0.851,0.513,0.0773,0.823,0.0298,−0.118,0.00086,0.00149,0.00069,0.00835,0.00556,0.022,0.0217,0.00054,0.0255,0.0625,0,0,0,0.575,0.54,1.26,0.6,0.511,2.03,1.88,0.94,1.04,1.12,1.57,1.25,1.54,2,1.43,1.29,0.718,0.807,0.703,−0.324,1.02,0.723,0.838,0.804,0.777
Ecuador,3.1,5.89,2.54,1.34,1.16,1.23,−0.219,0.313,0.408,0.447,0.391,0.275,0.201,0.291,0.296,0.362,0.529,0.882,1.19,1.15,0.827,0.942,0.984,2.5,2.54,1.85,1.98,2.57,3.11,3.3,−0.128,2.2,2.74,2.69,2.29,1.19,0.58,0.38,1.71,0.494,0.239,0.815,0.645,0.764,0.759,1.33,0.765,0.604,1.29,0.901,1.16
Egypt,0.00846,0.0268,0.00032,0.00693,0.00141,0.0688,0.458,0.728,2.15,6.75,2.53,3.4,1.06,1.58,2.15,3.02,2.95,2.34,3.4,3.14,1.71,0.677,1.1,1.06,2.42,0.994,0.94,1.14,1.27,1.17,1.24,0.527,0.76,0.296,1.59,6,9.35,8.88,5.83,3.55,2.92,−0.205,1,1.45,1.51,2.1,2.44,3.14,3.26,2.97,1.6
Eritrea,,,,,,,,,,,,,,,,,,,,,,,0,0,0,,5.29,5.94,0.0061,12.1,3.95,1.61,3.12,2.87,2.17,0.13,1.27,0.547,2.83,4.9,5.73,1.89,,,,,,,,,
Spain,0.542,0.433,0.453,0.496,0.368,0.595,0.403,0.459,0.734,0.651,0.641,0.842,0.91,0.949,1.03,1.09,1.37,1.43,1.87,2.03,2.61,2.16,2.1,2.06,1.65,1.35,1.53,1.6,2.54,3.09,6.77,4.6,5.55,3.39,2.36,2.34,2.61,4.63,4.54,0.64,2.57,1.81,1.57,3.5,2.4,1.93,3.59,2.4,4.13,1.78,2.63
Estonia,,,,,,,,,,,,,,,,,,,,,,,,,,4.59,3.47,5.32,10.5,5.66,7.32,9.48,4.59,10.5,8.95,21.7,10.3,13.5,8.12,9.51,13.3,4.82,7.76,4.37,6.69,−3.13,3.85,6.45,4.04,9.87,11.5
Ethiopia,,,,,,,,,,,,0,0,0,0,0,0,0,0,0,0,0,0.00162,0.0396,0.248,0.184,0.257,3.36,3.33,0.909,1.63,4.24,3.25,5.39,5.38,2.14,3.57,1.13,0.401,0.683,0.963,1.97,0.643,2.82,3.34,4.07,5.58,4.91,3.99,2.66,2.23
Finland,0.158,0.2,0.251,0.0668,0.141,0.232,0.182,0.143,0.0932,0.0619,0.0521,0.19,0.00172,0.166,0.257,0.201,0.551,0.298,0.488,0.412,0.574,−0.182,0.352,0.968,0.269,1.08,0.57,1.93,9.34,5.76,10.7,2.49,5.77,3.48,3.43,5.3,2.14,8.57,6.79,−3.48,4.9,−2.18,1.91,−1.81,6.38,7.46,2.13,6.71,−3.83,5.81,−0.879
Fiji,2.91,2.62,2.68,3.69,2.56,2.06,1.06,2.38,1.47,0.997,3.02,2.93,3.08,2.84,1.98,1.9,0.623,1.37,2.85,2.59,−2.27,−2.9,2.47,−0.198,−1.71,−1.15,−3.39,−2.88,1.23,−7.6,0.0352,2.5,1.67,1.75,9.25,5.8,19,13.7,19.3,10.7,5.67,5.75,6.98,5.82,7.78,4.39,7.94,7.24,8.4,5.86,5.28
France,0.418,0.317,0.323,0.426,0.647,0.433,0.263,0.462,0.488,0.422,0.468,0.401,0.271,0.308,0.452,0.469,0.422,0.55,0.833,1.01,1.04,1.19,1.56,1.57,1.13,1.48,1.37,1.59,1.96,3.08,3.03,3.64,3.43,2.3,1.68,3.88,3.4,3.15,2.32,0.682,1.47,1.54,1.23,1.12,0.203,1.76,1.33,1.38,2.78,2.11,0.503
"Micronesia, Fed. Sts.",,,,,,,,,,,,,,,,,,,,,,,,,,,,,,,,,,,,,,,,0,0,0,0,0,6.33,,,,,,
Gabon,−0.216,4.11,4.04,2.2,5.15,7.74,1.29,1.24,2.37,1.82,0.737,1.41,3.64,3.3,0.228,0.452,3.24,2.74,3.46,−0.729,1.23,−1.01,2.27,−2.6,−2.38,−3.94,−5.01,−2.15,2.96,1.92,5.47,−2,0.0217,1.53,4.04,3.4,2.59,5.26,4.45,5.25,3.65,6.17,3.94,1.84,6.94,0.29,8.87,8.8,8.18,9.2,11.2
United Kingdom,1.14,1.2,0.711,1.41,2.12,1.37,1.29,1.68,1.13,1.47,1.79,1.09,1.05,1.06,−0.0753,1.12,1.42,1.75,2.9,2.92,3.78,2.03,1.95,1.85,1.72,2.16,2.28,3.29,6.64,7.71,9.87,3.41,5.03,1.75,3.59,9.93,7.49,6.75,8.62,0.6,2.68,1.01,1.72,1.94,1.91,1.53,11.9,4.64,−0.864,0.0777,1.13
Georgia,,,,,,,,,,,,,,,,,,,,,,,,0.00037,0.318,,,6.91,7.34,2.94,4.3,3.41,4.72,8.39,9.61,7.07,15.1,18.6,12.5,6.14,7.52,7.75,5.87,6.09,10.4,11.6,11,11.8,7.22,7.82,3.37
Ghana,3.06,1.27,0.544,0.584,0.493,2.52,−0.66,0.603,0.265,−0.0697,0.351,0.385,0.404,0.0592,0.0453,0.124,0.0751,0.0926,0.0962,0.286,0.251,0.303,0.351,2.1,4.28,1.65,1.73,1.19,2.24,3.16,3.33,1.68,0.956,1.79,1.57,1.35,3.11,5.57,9.47,9.11,7.85,8.26,7.98,5.14,6.14,6.46,6.21,5.39,4.44,5.68,2.74
Guinea,,,,,,,,,,,,,,,,,0.421,0.629,0.658,0.507,0.67,1.29,0.599,0.0829,0.00621,0.0208,0.614,0.457,0.496,1.83,0.332,0.0593,1.02,2.29,2.69,3.57,2.96,6.14,5.48,1.36,0,14.1,7.93,0.00227,−0.84,0.606,18.8,5.59,2.98,0.329,1.12
Gambia,0.191,3.05,2.87,1.86,1.25,0.0868,0.802,−0.406,1.22,5.97,0.116,0.919,0.125,−0.187,−0.959,−0.222,−1.07,0.691,0.442,4.83,4.45,1.34,0.885,1.42,1.3,0.983,1.26,1.45,2.82,6.07,5.56,5.16,7.41,3.75,5.77,5.22,7.8,6.1,4.53,2.72,2.41,2.56,2.91,4.97,1.87,5.22,4.7,4.28,4.9,3.92,10.1
Guinea-Bissau,,,,,,−0.119,,0.0348,,0.194,,,0,0,1.65,1,0.63,0.069,0.413,0.221,0.828,0.813,2.58,1.39,0.182,0.0158,0.381,4.27,2.13,0.326,0.189,0.101,0.849,0.839,0.36,1.48,3.02,2.69,0.764,2.28,3.09,2.28,0.67,1.88,2.74,1.77,1.21,1.16,1.37,4.98,1.43
Equatorial Guinea,,,,,,,,,,,,−0.49,1.02,1.17,4.31,3.93,7.37,1.8,0.497,1.01,9.88,37.3,4.47,16.4,16.9,89.5,162,12.1,74.1,24.8,14.8,64.4,17.9,27.8,7.73,9.36,4.65,9.51,−4.02,10.9,16.8,9.25,4.4,2.66,0.771,1.77,0.48,2.5,3.02,3.96,5.29
Greece,0.381,0.288,0.326,0.277,0.264,0.0841,0.979,1.07,0.967,1.13,1.18,0.993,0.798,0.888,1.01,0.935,0.835,1.04,1.19,0.95,1.03,1.08,0.984,0.898,0.841,0.769,0.725,0.687,0.0493,0.058,−0.00628,0.00147,0.0221,0.696,0.891,0.278,1.98,0.614,1.61,0.835,0.179,0.386,0.687,1.23,1.15,0.648,1.4,1.72,1.9,2.44,1.75
Grenada,,,,,,,,−0.14,1.59,0,0,0,1.51,1.9,1.92,2.45,2.39,6.85,6.34,3.92,4.63,5.08,7.28,6.54,5.94,5.84,4.62,8.54,10.9,8.62,7.19,11.3,10.1,15.1,10.9,10.1,12.9,20.6,16.3,13.3,7.84,5.48,3.94,8.86,11.7,15.7,10.3,13.8,15.8,16.4,14.3
Guatemala,1.54,1.44,0.757,1.35,1.5,2.19,0.286,1.78,2.1,1.7,1.41,1.48,0.884,0.497,0.401,0.636,0.951,2.12,4.21,0.906,0.624,0.964,0.901,1.25,0.502,0.513,0.491,3.55,6.94,5.05,−4.09,−5.09,−4.97,0.0903,1.36,2.02,2.14,2.56,1.9,1.35,2.71,1.87,2.82,2.87,2.43,1.94,1.28,1.39,1.26,1.52,1.1
Guyana,3.36,−0.865,0.876,2.67,0.313,0.162,1.1,−0.392,0.793,0.111,0.0975,−0.312,0.92,0.967,1.03,0.399,−1.78,1.23,0.507,−0.542,1.99,3.54,39.2,15.3,19.7,12,8.36,6.94,6.13,6.62,9.42,7.86,6,3.51,3.81,9.31,4.3,5.58,5.88,5.18,5.77,6.69,6.84,4.81,5.76,3.22,3.63,6.89,24.7,32.8,21.8
"Hong Kong, China",1.31,1.33,1.93,3.38,1.63,3.76,1.98,1.74,2.61,2.88,2.46,6.64,3.83,3.83,3.84,−0.749,4.6,12.3,8.34,2.97,4.26,1.15,3.73,5.76,5.76,4.3,6.55,6.41,8.25,15.3,41.1,18.5,4.06,11.5,13.1,22.6,23.2,29.4,30.6,25.4,36.2,38.7,28.5,27.9,44.6,58.5,41.5,36.8,26.8,16.1,33.9
Honduras,1.16,1.01,0.374,0.723,−0.111,0.623,0.389,0.533,0.425,0.796,0.146,−0.089,0.323,0.469,0.416,0.521,0.528,0.624,0.818,0.939,0.884,1.12,0.963,0.542,0.75,0.935,1.74,2.12,1.56,3.7,4.93,4.1,3.7,4.79,6.75,6.21,6.62,7.88,8.71,3.41,3.86,5.93,5.88,5.82,8.69,6.32,5.32,4.13,6.04,3.83,0.997
Croatia,,,,,,,,,,,,,,,,,,,,,,,,,,0.476,2.05,2.48,3.89,6.14,4.65,4.45,3.62,5.28,3.13,3.96,6.58,7.67,7.42,4.87,2.56,1.98,2.56,1.66,5.46,0.089,0.822,0.819,2.12,6.27,2.06
Haiti,0.845,0.937,1.09,1.5,1.4,0.387,0.885,0.845,1.03,1.11,0.939,0.564,0.48,0.519,0.246,0.245,0.208,0.229,0.386,0.342,0.258,−0.0518,−0.0975,−0.149,−0.129,0.263,0.141,0.12,0.289,0.722,0.194,0.0695,0.0941,0.286,0.0977,0.362,2.14,0.782,0.284,0.478,1.5,0.915,1.14,1.09,0.654,0.712,0.75,2.49,0.638,0.507,0.207
Hungary,,,,,,,,,,,,,,,,,,,,,,4.21,3.82,5.86,2.65,10.3,7.05,8.8,6.7,6.9,5.82,7.55,5.39,4.87,4.36,24.3,16.1,50.4,47.4,−2.13,−15.7,7.56,8.39,−2.64,9.26,−4.21,54.2,−8.48,−40.1,60.1,108
Indonesia,1.59,3.2,2.31,3.57,0.706,4.24,2.01,0.513,0.812,0.44,0.248,0.156,0.25,0.36,0.262,0.363,0.323,0.507,0.683,0.722,1.03,1.27,1.39,1.27,1.19,2.15,2.72,2.17,−0.252,−1.33,−2.76,−1.86,0.0741,−0.254,0.738,2.92,1.35,1.6,1.83,0.904,2.03,2.3,2.31,2.55,2.82,2.3,0.487,2.02,1.81,2.23,1.81
India,0.0728,0.0708,0.0249,0.0443,0.0572,−0.0105,−0.0075,−0.0297,0.0132,0.0318,0.0425,0.0475,0.0359,0.00258,0.00907,0.0456,0.0473,0.0761,0.0308,0.0852,0.0737,0.0272,0.0959,0.197,0.297,0.595,0.617,0.86,0.625,0.473,0.765,1.06,1.01,0.606,0.766,0.886,2.13,2.07,3.62,2.65,1.64,2,1.31,1.52,1.7,2.09,1.94,1.51,1.56,1.76,2.42
Ireland,0.728,0.49,0.491,0.695,0.648,1.67,1.83,1.21,2.56,1.84,1.32,0.984,1.13,0.817,0.604,0.769,0.872,0.951,0.682,0.491,1.26,2.73,2.61,2.06,1.5,2.09,3.45,2.45,9.83,18.4,25.7,8.83,22.8,13.8,−5.46,22.2,9.51,22.2,8.45,22.8,17,9.92,25.8,29.7,37.6,81.3,34.4,17.4,17.5,−11.7,7.62
Iran,0.255,0.475,0.532,2.07,0.7,0.955,−0.149,0.429,1.17,0.182,0.0857,0.0281,−0.108,−0.0502,0.0263,−0.0212,−0.0538,−0.23,0.0492,−0.0161,−0.29,,,0.326,0.00278,0.0176,0.0216,0.0465,0.0218,0.0307,0.0356,0.322,2.74,1.87,1.6,1.28,0.87,0.577,0.48,0.716,0.75,0.736,0.778,0.663,0.487,0.533,0.807,1.13,0.806,0.584,0.66
Iraq,−0.0277,−0.00466,−0.00219,−0.128,−0.0767,−0.334,0.0076,0.0221,0.00126,0.00426,0.00291,0.0109,0.00571,−0.00057,−0.00586,−0.0024,0.00194,−0.00756,−0.0054,0.00059,−0.00377,1.88,0.0168,0.0778,−0.00075,,−0.0191,0.00555,0.0358,,−70µ,−0.0184,−0.00099,4.56,0.819,1.03,0.588,1.09,1.41,1.43,1.01,1.12,1.56,−0.995,−4.46,−4.54,−3.75,−2.69,−2.15,−1.31,−1.89
Iceland,0.854,2.95,0.333,−0.13,0.871,3.01,0.27,0.19,0.322,0.109,0.659,1.52,1.12,−0.846,0.478,0.791,0.213,0.0435,−0.242,−0.483,−0.0742,−0.267,0.122,−20µ,0.0375,−0.131,1.12,1.96,1.81,0.742,1.72,1.98,0.986,2.93,5.46,18.4,22.2,31.7,6.66,0.483,1.87,7.27,6.94,2.93,4.29,6.54,−5.13,−28.3,−2.37,−2.24,−4.73
Israel,,,,,,,,,,,,,,,,,,,,,,,,,,1.34,1.27,1.42,1.5,3.54,6.08,1.35,1.31,2.61,2.17,3.38,9.34,4.91,4.74,2.22,2.98,3.3,3.49,4.03,1.95,3.78,3.76,4.75,5.76,4.36,5.96
Italy,0.55,0.44,0.463,0.384,0.298,0.283,0.0486,0.438,0.152,0.106,0.121,0.261,0.144,0.27,0.3,0.236,−0.0239,0.52,0.761,0.236,0.545,0.193,0.236,0.351,0.201,0.412,0.27,0.297,0.208,0.554,1.15,1.27,1.35,1.24,1.11,1.98,2.92,2.98,−0.394,0.755,0.465,1.5,0.00167,0.912,0.788,0.724,1.37,0.568,2.12,1.55,−1.17
Jamaica,11.5,11.4,5.2,3.85,1.28,2.15,−0.0202,−0.298,−1.01,−1.09,1.03,−0.386,−0.48,−0.517,0.514,−0.429,−0.167,1.62,−0.313,1.3,3,3.24,4.03,1.43,1.45,1.55,1.84,1.85,3.67,5.34,4.66,6.27,4.57,7.25,5.5,5.67,7.06,6.34,10,4,1.41,1.2,2.79,3.82,4.19,6.52,6.59,6,4.92,4.2,1.92
Jordan,,,0.071,0.226,0.57,1.88,−0.441,0.536,2.17,0.806,0.865,3.21,1.27,0.709,1.56,0.5,0.355,0.585,0.378,−0.032,0.905,−0.274,0.767,−0.598,0.0458,0.198,0.224,4.98,3.92,1.94,10.8,3.05,2.49,5.36,8.21,15.8,23.5,15.3,12.5,9.83,6.22,5.03,4.89,5.65,5.91,4.15,3.89,4.9,2.22,1.64,1.64
Japan,0.0442,0.0874,0.0531,−0.00972,0.0421,0.0433,0.0193,0.00291,0.00079,0.0226,0.0251,0.0155,0.0387,0.0335,−0.00076,0.0435,0.0117,0.0465,−0.0158,−0.0347,0.0576,0.0358,0.0705,0.00472,0.0178,0.00075,−0.00078,0.0554,0.0613,0.319,0.215,0.113,0.276,0.194,0.154,0.113,−0.0521,0.472,0.482,0.231,0.129,−0.0137,0.00872,0.204,0.403,0.118,0.818,0.381,0.502,0.779,1.24
Kazakhstan,,,,,,,,,,,,,,,,,,,,,,,0.401,5.43,3.1,4.73,5.41,5.96,5.2,9.41,7.49,12.7,10.5,8.05,13,4.46,9.4,11.4,12.6,12.4,5.04,7.14,6.56,4.23,3.3,3.57,12.5,2.83,0.0465,2.05,4.33
Kenya,0.861,0.416,0.299,0.688,0.789,0.526,1.33,1.26,0.649,1.35,1.09,0.206,0.202,0.397,0.174,0.47,0.452,0.494,0.00472,0.751,0.666,0.231,0.0775,2.53,0.104,0.467,0.902,0.473,0.188,0.403,0.873,0.0408,0.21,0.548,0.286,0.113,0.196,2.28,0.266,0.275,0.392,3.09,2.45,1.81,1.2,0.884,0.907,1.54,1.76,1.33,0.71
Kyrgyz Republic,,,,,,,,,,,,,,,,,,,,,,,,0.493,2.27,5.79,2.58,4.74,6.64,3.56,−0.172,0.328,0.29,2.37,7.93,1.73,6.42,5.47,7.33,4.04,9.86,11.1,3.95,8.34,4.59,17.1,9.09,−1.39,1.74,4.55,−5.19
Cambodia,0.0139,−0.0289,−0.00198,0.027,0.229,,,,,,,,,,,,,,,,,,,2.14,2.47,4.38,8.37,5.92,3.71,2.91,3.24,3.68,3.06,1.75,2.46,6.03,6.64,10,7.87,8.93,12.5,12,14.1,13.6,11.1,10.1,12.4,12.6,13.1,13.5,14
Kiribati,,,,,,,,,,0,0,0,0,−2.38,0,0.683,0.331,0.652,0.598,0.438,0.753,0.9,0.852,−1.64,0.787,0.688,0.809,0.758,0.673,0.654,1.07,−0.433,0.346,0.743,1.91,2.32,0.516,0.869,−0.899,3.77,−4.23,−0.192,−1.25,0.453,1.46,−0.479,1.01,0.419,−0.572,−0.296,1.33
St. Kitts and Nevis,,,,,,,,,,,1.46,1.11,2.56,15.5,6.08,7.21,7.04,11.3,7.61,21.2,22.5,9.73,5.17,5.22,5.2,6.53,10.5,5.25,8.33,14.2,22.8,19.2,16.6,16.1,11,17,17.1,19.5,23.7,17.5,15.3,13.4,11.5,13.2,17.1,13.9,12,4.53,3.71,4.11,1.41
South Korea,0.733,0.424,4.57,0.0288,0.0102,0.0275,0.271,0.244,0.171,0.257,0.072,0.213,0.154,0.21,0.229,0.351,0.584,0.567,0.648,0.563,0.369,0.44,0.282,0.212,0.245,0.439,0.456,0.579,1.56,2.16,2,1.19,0.873,0.998,1.68,1.46,0.87,0.753,1.07,0.956,0.83,0.78,0.743,0.931,0.625,0.28,0.807,1.1,0.706,0.583,0.563
Kosovo,,,,,,,,,,,,,,,,,,,,,,,,,,,,,,,,,,,,,,,10.4,8.04,9.17,8.44,4.76,5.52,2.83,5.45,3.65,3.99,4.04,3.61,5.11
Kuwait,0.904,0.00026,0.00022,0.00555,0.00092,0.00208,−0.00388,0.00941,0.0049,0.00517,0.0029,0.00483,−0.00042,0.00019,−0.0278,0.0338,−0.0812,−0.0283,0.0789,0.015,0.0304,0.00727,0.178,0.0554,6.11,0.0246,1.1,0.0652,0.228,0.24,0.0432,−0.32,0.00949,−0.14,0.04,0.289,0.119,0.0973,−0.00404,1.05,1.13,2.12,1.65,0.823,0.299,0.248,0.267,0.0936,−0.0155,0.379,−0.595
Lao,,,,,,,,,,,,,,,0,−0.0684,0,0,0.334,0.56,0.693,0.671,0.692,2.25,3.84,5.39,8.53,5.21,3.59,5.42,1.96,1.35,0.253,0.963,0.715,1.01,5.42,7.66,4.18,5.46,3.91,3.44,6.06,5.69,6.53,7.47,5.88,9.92,7.49,4,5.06
Lebanon,,,,,,,,,,,,,,,,,,,−0.00815,0.0585,0.227,0.0348,0.316,0.0932,0.235,0.299,0.584,11.4,6.58,5.01,5.76,8.24,6.98,14.2,8.97,12.2,12.1,13.6,14.9,13.6,11.1,7.86,7.07,5.67,5.95,4.31,5,4.73,4.81,3.95,9.01
Liberia,,,,,,,,,,,,,,,,,,,,,,,,,,,,,,,2.38,0.916,0.302,49.8,8.4,8.73,9.64,9.59,16.4,7.23,103,87,82.7,62.9,15.6,7.21,9.17,7.31,3.77,2.61,2.72
Libya,,,,,,,,,,,,,,,,,,,,,0.55,0.287,0.292,0.19,−0.254,−0.346,−0.401,−0.221,−0.469,−0.356,0.368,−0.39,0.708,0.544,1.08,2.19,3.76,6.95,4.72,2.18,2.39,0,1.74,1.07,0,0,0,0,0,0.00192,
St. Lucia,,,,,,,,,,,18.1,19.6,14.5,5.08,4.77,5.98,4.27,3.99,3.83,5.47,7.73,9.41,6.07,4.99,4.56,4.29,2.33,5.93,9.5,9.02,5.76,6.59,5.77,10.8,7.17,6.89,18.4,20.3,11.2,10.4,8.16,6.11,4.72,5.02,3.73,8.42,8.66,4.5,2.2,3.44,2.17
Liechtenstein,,,,,,,,,,,,,,,,,,,,,,,,,,,,,,,799,377,255,564,53.4,−7.3,1110,729,319,665,588,460,540,18.1,140,1280,973,602,−1280,,
Sri Lanka,−0.0131,0.0127,0.0118,0.0174,0.0392,0.00376,30µ,−0.0297,0.0539,1.39,1.07,1.12,1.33,0.731,0.54,0.438,0.464,0.89,0.655,0.283,0.54,0.537,1.26,1.88,1.42,0.43,0.863,2.85,1.22,1.13,1.06,1.09,1.19,1.21,1.13,1.12,1.7,1.86,1.85,0.96,0.842,1.46,1.38,1.25,1.13,0.843,1.09,1.57,1.83,0.885,0.538
Lesotho,,,,,,0,0,0.228,0.0075,0.0689,1.04,1.1,0.93,1.31,0.725,1.82,0.707,1.47,4.54,2.77,2.76,1.13,1.01,1.87,4.93,2.41,3.07,3.27,3.05,2.41,3.65,3.6,3.66,3.8,3.68,1.63,1.35,4.5,0.623,5.25,0.426,2.37,2.29,2.13,3.87,8.75,3.75,1.83,1.63,1.51,1.58
Lithuania,,,,,,,,,,,,,,,,,,,,,,,,,,0.922,1.82,3.58,8.17,5.15,3.3,3.62,4.63,1.16,3.89,4.95,7.49,6.55,3.61,−0.963,2.97,4.32,1.58,1.65,0.736,2.5,2.74,2.9,2.42,6.28,7.92
Luxembourg,,,,,,,,,,,,,,,,,,,,,,,,,,,,,,,,,17.9,14.5,14.8,12.3,75.1,−57.5,12.1,50,69.6,14.3,42.7,24.6,27.5,20.8,51.3,−10.4,−23.5,21.1,84.7
Latvia,,,,,,,,,,,,,,,,,,,,,,,,,,4.22,5.55,7.27,5.18,4.62,4.07,2.07,1.68,2.69,4.1,4.76,7.91,8.74,4,−0.568,1.98,5.53,3.84,3.28,3.33,2.98,1.19,3.78,1.24,3.17,2.8
"Macao, China",,,,,,,,,,,,,0.0228,0.719,,−0.0279,0.00326,−0.0046,0.0153,−0.0222,0.0148,0.285,−0.397,−0.0635,0.0551,0.0311,0.0828,0.0318,−0.263,0.144,−0.0117,2.33,5.34,6.14,7.25,14.6,19.6,28.8,18.9,−1.91,12.9,4.76,8.26,7.32,4.42,1.08,4.13,3.37,2.77,11.8,−27.8
Morocco,0.506,0.53,0.256,0.088,−0.266,0.0559,0.397,0.0723,0.0888,0.0467,0.412,0.329,0.45,0.284,0.317,0.133,0.00282,0.274,0.329,0.635,0.547,0.983,1.25,1.55,1.55,0.858,0.828,2.76,0.738,1.99,1.1,7.16,1.14,4.44,1.5,2.68,3.59,3.58,2.67,2.12,1.33,2.49,2.89,3.15,3.2,3.21,2.08,2.44,3,1.44,1.54
Moldova,,,,,,,,,,,,,,,,,,,,,,,,,,3.82,1.4,4.08,4.45,3.23,9.9,6.99,5.06,3.72,5.81,6.38,7.59,12.2,12,4.85,4.26,4.43,2.88,2.55,3.64,2.92,1.08,1.55,2.56,4.23,1.32
Madagascar,0.899,0.09,0.894,0.665,0.715,0.2,0.0633,−0.117,−0.138,−0.19,−0.0152,−0.0168,−0.00188,0.0792,0.219,−0.00473,0.323,0.108,0.0912,0.404,0.569,0.42,0.569,0.378,0.163,0.253,0.206,0.329,0.378,1.36,1.79,1.71,0.274,0.202,1.04,1.46,4.61,9.26,10.6,13.4,9.14,7.06,7.04,4.55,2.98,2.9,4.56,3.53,4.45,3.36,2.75
Maldives,,,,,,,,,,,−0.306,−0.067,−6.01,0.415,−0.128,0.951,3.81,3.61,0.712,2.32,2.6,2.66,2.32,2.14,2.46,1.81,2.07,2.24,2.13,2.09,3.57,2.36,2.76,3.02,4.31,4.55,4.05,7.09,7.98,6.74,8.36,15.3,7.9,11,9.02,7.25,10.4,9.63,10.9,17.1,11.8
Mexico,0.879,0.783,0.395,0.827,0.707,0.521,0.822,0.4,0.642,0.99,1.02,1.17,1.03,1.4,0.837,1.02,1.78,1.79,1.59,1.43,1.01,1.52,1.21,0.877,2.08,2.65,2.24,2.56,2.42,2.32,2.6,3.97,3.12,2.5,3.19,2.97,2.27,2.96,2.68,2.18,2.89,2.02,1.52,3.99,2.18,3.06,3.61,2.86,3.08,2.32,2.89
Marshall Islands,,,,,,,,,,,,,,,,,,,,,,,,,,,,,,,0.641,0.602,0.637,−0.877,0.873,2.4,1.33,4.71,3.75,9.78,−5.83,−2.54,11.8,17.6,4.97,−2.93,−1.52,2.74,4.4,1.74,2.69
North Macedonia,,,,,,,,,,,,,,,,,,,,,,,,,0.674,0.202,0.241,0.402,4.01,2.36,5.77,12.7,2.84,2.41,5.44,2.32,6.23,8.8,6.17,2.76,3.2,4.84,3.47,3.72,0.536,2.95,5.15,3.37,5.11,4.36,0.0627
Mali,,−0.152,0.699,0.106,−0.0278,0.315,0.274,0.291,−0.0725,0.192,0.134,0.239,0.114,0.243,0.817,0.208,−0.452,−0.286,0.325,0.292,0.214,0.0442,−0.773,0.144,0.837,4.12,0.979,2.76,0.327,0.901,2.03,6.02,−0.315,1.53,1.56,2.56,2.15,2.53,2.71,6.32,3.48,4.28,3.2,2.32,1,2.1,2.54,3.64,2.74,4.17,1.76
Malta,4.63,4.36,1.51,1.49,2.83,3.34,2.67,2.95,2.71,1.62,2.13,3.14,1.69,2.1,2.38,1.7,1.52,1.11,2.02,2.44,1.18,3.27,2.8,2.08,5.06,10.5,8.19,3.61,8.06,16.2,18.3,10.2,−11.1,16.7,122,340,369,449,163,16.6,102,81,35.1,4.83,1.34,32.8,23.7,29.4,30,28,30
Myanmar,,0.00894,0.0441,0.0045,0.102,0.293,0,0.006,0,0,0.0376,0,0,−0.0294,0.0576,0,0.0088,−0.106,0,0.466,7.91,11.1,7.74,3.73,3.3,5.68,5.39,6.87,6.82,4.48,3.72,3.35,2.46,3.21,2.25,2.22,2.32,4.55,3.75,3.66,2.38,4.66,2.29,3.72,3.44,6.48,5.44,7.82,2.63,2.53,2.3
Montenegro,,,,,,,,,,,,,,,,,,,,,,,,,,,,,,,,,,,,,,25.5,21.5,37.3,18.3,12.2,15.1,10,10.8,17.3,5.18,11.6,8.82,7.53,11.1
Mongolia,,,,,,,,,,,,0,0,0,0,0,0.00483,0,0,,,0.467,0.152,1,0.745,0.675,1.18,2.12,1.68,2.87,4.72,4.97,5.57,8.25,4.66,7.43,7.19,8.8,15,13.6,23.5,43.9,34.8,16.4,2.76,0.812,−37.2,13,14.8,17.2,12.9
Mozambique,,,,,,,,,,,,,,,,,,,,,,0.619,0.958,1.17,1.25,1.55,1.88,1.39,4.46,6.39,2.46,4.73,6.12,5.34,6.23,1.43,2.74,3.99,5.11,7.81,11.3,25.5,34.5,39.5,28.2,24.3,26.2,17.5,11.3,14.2,22.7
Mauritania,0.259,1.2,0.539,2,0.591,−17.4,0.201,0.516,0.355,6.64,2.59,1.13,1.35,0.117,0.794,0.691,0.378,0.125,0.136,0.239,0.447,0.106,0.349,0.871,0.107,0.334,−0.0204,−0.161,0.00653,0.761,2.25,4.39,3.79,4.97,17.1,27.7,3.94,3.21,6.58,−0.0652,2.32,8.7,20.6,15.6,7.62,8.14,4.24,8.65,10.5,−11.2,11.7
Mauritius,,,,,,,0.446,0.276,0.431,0.144,0.103,0.0588,0.162,0.149,0.474,0.74,0.508,0.912,1.11,1.64,1.55,0.608,0.456,0.451,0.562,0.463,0.829,1.32,0.292,1.14,5.7,−0.6,0.662,1.08,0.211,0.644,1.52,4.18,3.78,2.81,4.3,3.76,5.05,2.42,3.56,1.85,3.1,3.62,3.25,3.36,2.25
Malawi,2.96,2.63,2.49,1.73,4.14,3.61,1.45,0.687,0.962,−0.116,0.766,0.0902,0.508,0.209,2.26,0.0463,−0.248,0.00765,1.26,0.584,1.24,−1.3,−0.395,0.386,2.11,0.404,0.693,0.558,0.691,3.3,1.49,1.12,0.169,2.05,3.1,3.82,0.889,2.81,3.67,0.794,1.39,10.2,−0.147,8.18,9.89,4.51,2.13,1.01,0.779,0.501,0.371
Malaysia,2.43,2.36,2.26,2.24,6.01,3.77,3.45,3.09,3.06,2.7,3.81,5.06,5.21,4.15,2.35,2.23,1.76,1.31,2.04,4.29,5.3,8.14,8.76,7.48,5.83,4.71,5.04,5.14,3,4.92,4.04,0.597,3.17,2.92,3.51,2.73,4.73,4.69,3.28,0.0567,4.27,5.07,2.83,3.49,3.14,3.27,4.47,2.94,2.31,2.51,1.28
Namibia,,,,,,,,,,,,,,,,1.02,0.497,−0.00739,−0.0605,−0.0189,1.06,4.02,3.45,1.7,2.67,3.85,3.23,2.19,2.48,1.32,5.01,10.7,4.41,1.32,3.38,5.38,7.63,7.57,8.72,9.27,2.52,6.42,7.99,6.45,3.58,7.4,3.35,2.18,1.71,−1.41,−1.53
New Caledonia,,,,,,,,,,,,,,,,,,,,,,,,,,,,,,,−1.19,3.12,1.58,2.36,0.466,−0.108,10.7,4.73,19.3,13.6,15.4,17,27.8,21.3,16.5,13.8,9.28,4.47,2.54,7.01,
Niger,0.419,−0.764,0.121,0.106,0.673,2.15,0.929,0.995,2.4,2.22,1.96,−0.282,1.4,0.0674,0.099,−0.651,−0.652,0.287,0.0945,−0.0718,1.16,0.342,1.67,−1.12,0.21,0.097,0.359,0.828,−0.0668,0.0633,0.703,0.922,0.281,0.546,0.649,1.14,0.848,1.73,3.88,8.62,10.1,12.2,8.92,7.04,7.58,5.47,2.9,3.03,3.64,5.55,2.62
Nigeria,1.63,3.11,2.48,2.46,1.03,1.69,0.934,1.22,0.577,0.655,−1.15,0.33,0.302,0.375,0.257,0.658,0.353,1.16,0.763,4.28,1.09,1.45,1.88,4.85,5.79,0.762,0.978,0.862,0.549,1.69,1.64,1.61,1.96,1.91,1.37,2.83,2.06,2.19,2.41,2.9,1.67,2.18,1.55,1.09,0.859,0.629,0.853,0.642,0.195,0.514,0.552
Nicaragua,1.93,1.61,1.14,1.21,0.907,0.685,0.698,0.446,0.327,0.183,0.572,−0.00123,0.404,0.00365,0.24,−0.00037,0.00208,0.0626,−0.00342,0.276,0.0664,2.82,0.837,2.21,1.21,2.15,2.79,4.63,4.71,6.95,5.22,2.82,3.9,3.78,4.31,3.81,4.24,5.14,7.38,5.23,5.59,9.58,7.37,8.79,9.06,7.58,7.44,7.51,6.43,3.99,1.44
Netherlands,1.66,1.69,1.38,1.56,1.26,1.23,0.532,0.477,0.694,0.955,1.17,1.1,0.775,0.885,1.19,1.05,1.56,1.24,1.83,3.31,3.35,1.72,1.7,1.8,1.88,2.7,3.69,2.65,8.59,9.21,15.1,12,5.38,3.53,21.3,30.6,51.2,86.5,20.5,11,13.7,36.7,28.6,37.5,13.2,42.1,29.8,25.6,−37.7,−18.6,−16.3
Curaçao,,,,,,,,,,,,,,,,,,,,,,,,,,,,,,,,,,,,,,,,,,2.32,2.23,−0.0479,2.19,4.65,4.26,5.54,4.06,2.52,6.09
Norway,0.499,0.645,0.697,0.927,1.27,0.668,1.03,1.85,1.05,0.755,0.0928,1.05,0.718,0.539,−0.286,−0.648,1.29,0.202,0.276,1.47,0.836,−0.29,−0.511,0.822,2.15,1.57,2.34,2.8,3.66,3.59,4.87,1.83,1.54,1.83,1.86,3.26,3.44,6.19,4.45,2.24,5.05,2.07,5.48,−0.262,0.651,1.89,−5.06,1.48,−1.3,4.03,−1.05
Nepal,,,0.00293,−0.00103,0.0205,,−0.00275,0,0.0256,0.0162,0.0154,−0.0101,−0.00125,−0.0245,0.0368,0.0248,0.041,0.047,0.0195,0.0119,0.164,0.0566,0,0,0,0,0.424,0.469,0.248,0.0864,−0.00882,0.347,−0.0984,0.233,−0.00574,0.0302,−0.0735,0.0556,0.00793,0.298,0.548,0.435,0.424,0.335,0.134,0.213,0.432,0.677,0.206,0.543,0.376
New Zealand,,1.39,1.32,1.62,1.8,1.07,2.04,0.999,1.48,1.69,1.44,0.725,1.14,1,0.536,0.913,1.27,0.588,0.345,0.987,3.7,3.96,2.61,4.73,4.73,4.46,5.59,2.9,3.25,1.6,−2.87,0.481,4.28,−3.81,2.23,1.66,2.61,3.16,1.95,−0.0432,0.195,0.819,2.18,−0.0364,1.62,−0.0412,1.06,1.15,1.19,1.37,1.93
Oman,1.18,−0.0897,0.466,0.308,−3.71,5.07,3.18,1.75,3.15,3.15,1.65,0.861,2.41,1.95,1.79,1.61,1.92,0.446,1.09,1.2,1.22,1.19,0.838,1.14,0.592,0.335,0.397,0.407,0.729,0.257,0.42,0.0267,0.542,0.115,0.448,4.95,4.29,7.92,4.85,3.07,1.91,2.1,1.56,1.79,1.39,−2.76,3.02,3.61,6.49,4.97,3.87
Pakistan,0.229,0.00938,0.181,−0.0627,0.0449,0.223,0.0624,0.101,0.181,0.296,0.269,0.385,0.208,0.103,0.178,0.422,0.331,0.388,0.485,0.524,0.613,0.566,0.688,0.673,0.805,1.19,1.46,1.15,0.814,0.845,0.376,0.476,1.03,0.582,1.04,1.83,3.11,3.67,3.2,1.39,1.14,0.621,0.383,0.577,0.772,0.618,0.924,0.82,0.552,0.801,0.802
Panama,,,,,,,,0.398,−0.077,1.34,5.47,5.81,6.35,1.34,0.359,1.03,1.85,−6.56,−7.8,0.87,2.11,1.76,1.87,2.02,4.29,2.94,4.34,12.3,11.4,8.6,6.73,4.85,1.9,7.67,8.51,6.74,16.2,10.4,9.5,4,8.66,12.7,8.36,8.33,9.98,9.46,9.06,6.56,8.11,6.65,−3.99
Peru,−0.188,−0.0388,0.656,0.87,0.45,0.481,0.451,0.37,0.2,0.445,0.148,0.577,0.22,0.219,−0.506,0.00604,0.144,0.155,0.168,0.262,0.155,−0.0204,−0.22,2.18,7.33,4.8,6.28,3.68,2.96,3.87,1.56,2.2,3.94,2.27,2.39,3.39,3.91,5.37,5.74,5.32,5.73,4.47,7.07,4.88,1.96,4.38,3.51,3.25,2.78,2.76,1.48
Philippines,−0.0138,0.258,0.0452,0.52,0.838,0.676,0.792,0.942,0.392,0.0224,−0.288,0.425,0.0379,0.278,0.0252,0.0343,0.374,0.812,2.17,1.16,1.05,1.05,0.377,2,2.17,1.75,1.6,1.3,3.07,2.14,1.78,0.963,2.1,0.565,0.623,1.55,2.12,1.87,0.738,1.17,0.514,0.857,1.23,1.32,1.93,1.84,2.6,3.12,2.87,2.3,1.82
Palau,,,,,,,,,,,,,,,,,,,,,,,,,,,,,,,2.17,−0.913,1.16,2.98,4.14,2.09,17.3,2.2,2.39,1.49,1.44,4.23,10.2,8.16,16.5,12.3,11.8,9.63,7.55,8.02,9.31
Papua New Guinea,20.1,6.62,10,8.61,4.95,−0.164,1.38,1.21,2,1.93,2.97,3.45,3.63,5.42,4.53,3.44,3.43,2.96,4.2,5.74,4.83,3.18,2.43,1.25,1.09,9.81,2.13,0.574,2.89,8.57,2.74,2.05,0.672,4.77,0.829,0.822,1.54,1.37,0.41,3.61,0.25,0.203,0.135,0.126,0.127,0.984,0.0924,0.71,4.71,−3.64,−3.79
Poland,,,,,,,,,,,,,,,,,,,,,0.135,0.34,0.719,1.79,1.69,2.57,2.81,3.08,3.65,4.36,5.42,2.97,2.06,2.47,5.44,3.61,6.23,5.83,2.73,3.19,3.83,3.51,1.48,0.153,3.65,3.15,3.88,2.23,3,2.82,2.91
Portugal,0.356,0.609,0.65,0.63,0.605,0.596,0.31,0.27,0.281,0.294,0.477,0.546,0.472,0.539,0.786,1.01,0.615,0.967,1.64,2.87,3.32,2.74,1.74,1.61,1.27,0.58,1.28,2.32,4.9,0.581,6.15,5.03,0.436,6.27,1.31,1.71,6.42,2.5,2.97,2.28,3.77,4.01,9.9,6.95,5.24,0.637,3.56,4.83,3.24,4.3,2.06
Paraguay,0.799,1.07,0.453,0.924,1.77,1.61,1.29,1.04,0.961,1.47,0.713,0.567,0.675,0.0864,0.115,0.0213,0.0161,0.133,0.197,0.269,1.32,1.23,1.64,1.03,1.74,1.04,1.43,2.32,3.68,0.987,1.22,1.17,1.26,−0.75,0.976,0.068,1.4,0.588,1.37,0.12,2.04,1.37,2.18,0.809,1.36,1.33,1.37,1.91,0.819,1.57,1.75
Palestine,,,,,,,,,,,,,,,,,,,,,,,,,,3.73,5.2,4.34,5.14,4.44,1.44,0.479,0.265,0.324,0.446,0.707,0.348,0.337,0.705,3.72,1.86,2.14,0.516,1.4,1.14,0.751,1.92,1.14,1.29,0.77,0.336
French Polynesia,,,,,,0.00435,0.0614,0.0303,0.0457,0.0123,,0.0102,0.389,−0.299,0.0725,0.0139,−0.0013,−0.00354,0.0748,1.58,0.697,1.04,0.00084,−0.0877,0.044,0.0522,0.0898,0.403,0.284,0.117,0.286,,,,,,,,,,,,,,,,,,,,
Qatar,1.89,7.05,0.00196,0.166,0.54,0.363,0.00609,0.0558,0.22,0.0811,0.138,0.0436,0.0488,0.0147,−0.223,0.13,−0.0291,−0.0545,−0.342,−0.0231,0.0663,0.618,0.518,1.01,1.79,1.15,3.74,3.7,3.39,0.914,1.42,1.68,3.22,2.66,3.78,5.61,5.75,5.9,3.28,8.31,3.73,0.559,0.212,−0.423,0.504,0.662,0.51,0.612,−1.19,−1.59,−1.69
Romania,,,,,,,,,,,,,,,,,,0,0,0,30µ,0.138,0.307,0.357,1.13,1.12,0.712,3.42,4.87,2.9,2.78,2.86,2.48,3.19,8.59,6.6,9.02,5.79,6.38,2.66,1.93,1.29,1.79,2.02,1.93,2.43,3.32,2.81,3.04,2.95,1.45
Russia,,,,,,,,,,,,,,,,,,,,,,,0.252,0.278,0.175,0.522,0.658,1.2,1.02,1.66,1.03,0.929,1.01,1.84,2.61,2.03,3.8,4.3,4.5,2.99,2.83,2.69,2.29,3.02,1.07,0.503,2.55,1.81,0.53,1.89,0.639
Rwanda,0.0273,0.762,0.203,0.688,0.713,0.525,0.919,0.663,0.518,1.13,1.31,1.28,1.47,0.752,0.949,0.852,0.904,0.813,0.879,0.646,0.3,0.24,0.271,0.296,0.00013,0.155,0.161,0.14,0.357,0.0807,0.392,0.941,0.0763,0.22,0.324,0.271,0.924,2.02,1.98,2.09,3.53,1.63,3.52,2.99,3.81,1.9,3.22,2.96,3.8,2.54,0.967
Saudi Arabia,0.137,−1.55,0.35,−4.19,−8.22,3.99,−0.62,1.06,0.693,−1.14,−1.94,3.53,7.26,3.83,4.05,0.473,1.11,−1.37,−0.372,−0.685,1.58,0.121,−0.0576,1.03,0.258,−1.31,−0.711,1.83,2.92,−0.482,−0.993,0.0107,−0.324,−0.272,−0.129,3.68,4.85,5.85,7.59,8.5,5.53,2.43,1.66,1.19,1.06,1.24,1.16,0.206,0.54,0.575,0.771
Sudan,0.0681,,0.0212,0.00728,−0.0252,0.0232,0.0837,0.095,0.0781,−0.0295,0.119,0.193,0.182,0.0768,0.0936,−0.0245,−0.0518,0.0578,0.0131,0.0228,−0.251,−0.00545,0.00128,−0.0018,0.775,0.0868,0.00444,0.838,3.3,3.47,3.2,3.65,3.93,6.32,5.67,4.44,4.07,2.53,2.55,3.34,3.5,3.15,6.14,3.92,2.53,3.34,2.5,2.58,3.67,3.16,3.36
Senegal,0.385,0.732,0.938,0.263,0.489,0.796,1.25,0.952,−0.153,0.219,0.321,0.839,0.699,−0.972,0.835,−0.414,−0.156,−0.061,0.233,0.421,0.77,−0.104,0.275,−0.011,1.33,0.501,0.213,2.96,1.09,2.45,1.36,0.693,1.18,0.986,1.37,1.53,2.48,2.51,2.7,2.05,1.69,1.9,1.56,1.65,2.04,2.3,2.48,2.8,3.67,4.57,6.01
Singapore,4.84,5.12,5.92,9.55,6.52,5.18,3.65,4.4,3.99,8.99,10.4,11.7,9.96,6.38,6.59,5.46,9.2,13.6,14.4,9.47,15.4,10.7,4.23,7.73,11.6,13.6,11.9,15.7,6.95,21.8,16.1,18.9,6.65,17.5,21.2,15.1,26.3,26.2,7.02,12.1,23.1,17.6,18.7,20.9,21.8,22.7,21.3,29.4,22.1,32.2,25.7
Solomon Islands,,−0.34,−0.0246,1.27,−0.0591,10.5,5.88,4.76,4.12,2.29,1.32,0.118,0.535,0.24,1.08,0.408,2.1,6.75,0.951,6.72,4.86,6.38,5.27,7.77,0.52,0.432,1.16,6.43,1.92,2.03,0.477,−2.1,0.0421,−0.286,−0.756,0.115,8.23,13.9,10.8,6.6,19.6,11.4,2.01,4.16,1.57,2.47,2.71,2.89,1.59,2.09,0.581
Sierra Leone,1.89,1.24,0.817,1.08,1.62,1.49,1.43,0.731,2.53,1.45,−1.7,0.673,0.361,0.171,0.539,−3.61,−28.6,5.62,−2.19,2.4,4.99,0.962,−0.823,−0.971,−0.315,0.837,0.0705,0.212,0.0156,0.0797,6.13,0.902,0.831,0.622,4.22,5.5,3.12,4.42,2.12,4.5,9.25,32.3,19,8.73,7.48,5.98,3.77,11.1,6.13,8.4,8.58
El Salvador,0.327,0.59,0.522,0.416,1.21,0.695,0.557,0.634,0.747,−0.288,0.165,−0.166,−0.0294,0.801,0.338,0.326,0.64,0.463,0.405,0.328,0.0394,0.479,0.263,0.246,,0.426,,0.578,10.1,1.91,1.47,2.27,3.71,1.07,2.65,3.48,1.51,9.11,5.02,2.09,−0.613,0.604,2.01,1.11,2.24,2.11,1.98,2.02,1.59,2.59,1.21
Somalia,1.39,0.513,1.08,0.118,0.15,1.66,0.273,1.56,0.0531,0.00169,−0.00497,0.0157,−0.0981,−1.12,−1.9,−0.081,0.329,6.37,−4.18,−3.77,0.61,,,,,,,,,,,,,,,,,,,,,,,5.64,5.2,5.68,5.97,6.58,6.97,6.9,6.66
Serbia,,,,,,,,,,,,,,,,,,,,,,,,,,,,,,,,,,,,,,10.2,7.77,6.49,4.05,10,2.94,4.26,4.25,5.91,5.79,6.55,8.04,8.29,6.54
South Sudan,,,,,,,,,,,,,,,,,,,,,,,,,,,,,,,,,,,,,,,,,,,1.35,−4.3,0.00742,0.00125,,,,,
Sao Tome and Principe,,,,,,,,,,,,,,,,,,,,,,,,,,,,,,,,3.95,4.23,3.33,3.06,11.5,26.6,24.2,42.1,8.25,25.7,13.9,8.96,4.05,7.64,8.83,6.75,9.11,5.75,5.66,9.96
Suriname,−1.82,−2.26,0.965,4.18,1.82,0.249,0.21,−3.52,−1.84,−3.5,2.28,6.94,−1.21,9.22,−8.21,2.44,−6.78,−13.2,−14.7,−55.2,−19.8,4.13,−13.4,−10.9,−4.99,−2.98,2.22,−0.993,0.819,−6.94,−10.3,−3.21,−6.73,−5.97,−2.51,1.56,−6.22,−8.4,−6.55,−2.41,−5.85,3.29,3.4,3.63,−1.14,3.58,6.98,2.67,3.28,2.11,0.036
Slovak Republic,,,,,,,,,,,,,,,,,,,,,,,,1.2,1.34,0.914,1.26,0.638,2.17,1.11,7.47,4.98,11.9,2.07,7.07,6.25,8.06,5.84,4.6,1.7,2.33,5.46,1.88,1.02,−0.359,1.72,5.29,4.43,2.13,2.17,−0.314
Slovenia,,,,,,,,,,,,,,,,,,,,,,,,,,0.704,0.806,1.61,0.974,0.469,0.669,2.4,7.87,1.81,2.22,2.68,1.75,3.92,1.94,−0.686,0.662,1.7,0.072,0.215,2.04,4.01,3.23,2.46,2.84,3.97,0.908
Sweden,0.284,0.202,0.133,0.141,0.116,0.0968,0.00544,0.0862,0.0668,0.0911,0.177,0.14,0.31,0.215,0.266,0.344,0.719,0.349,0.808,0.831,0.757,2.32,−0.00191,1.74,2.74,5.59,1.88,3.83,8.62,23,8.68,7.52,6.89,1.8,4.38,5.3,5.21,9.39,8,2.05,0.126,1.22,0.774,0.224,−1.48,2.03,3.03,5.25,−0.171,3.18,5.25
Eswatini,,,0.457,0.027,1.34,5.02,2.7,6.58,6.38,13.5,4.88,6.49,−2.54,−1.02,1.01,3.23,6.93,9.64,7.31,9.64,2.7,7.1,6.8,5.3,4.46,3.05,1.35,−0.892,9.68,6.35,5.22,1.9,6.49,−2.74,2.51,−1.44,3.68,1.08,3.21,1.84,3.06,2.05,0.542,1.78,0.583,0.775,0.704,−1.31,0.667,2.85,1.11
Sint Maarten (Dutch part),,,,,,,,,,,,,,,,,,,,,,,,,,,,,,,,,,,,,,,,,,−5.18,1.37,4.63,3.83,2.22,3.29,5.39,−4.04,,
Seychelles,11.9,8.24,4.41,15.8,4.01,9.58,12.9,10.9,7.4,5.9,6.46,6.5,6.77,6.22,6.46,6.9,6.83,7.78,8.17,7.36,5.49,5.23,2.08,3.97,6.32,9.03,5.73,9.49,8.75,8.86,3.96,10.4,6.84,8.28,4.53,8.78,13.8,17,18.6,19.9,16.5,13.4,57.8,4.31,8.07,7.69,2.86,8.14,19.9,16,16.5
Syria,−0.00562,,0.00041,−0.00174,0.00024,0.00251,0.00156,0.00131,0,0.0004,−0.00031,0.00024,0.00054,−0.00011,0.00026,0.0707,0.0785,0.0676,0.163,0.161,0.167,0.195,0.172,0.296,0.557,0.197,0.145,0.12,0.116,0.36,0.335,0.127,0.127,0.167,0.244,0.373,0.428,0.69,0.672,1.14,0.582,1.25,,,,,,,,,
Turks and Caicos Islands,,,,,,,,,,,,,,,,,,,,,,,,,,,,,,,,,,,,,,,,,,,,,−8.27,−7.42,1.61,2.16,3.79,2.25,3.29
Chad,0.128,0.0598,−0.0171,0.943,2.11,2.35,3.09,2.26,3.06,−0.128,−0.0416,−0.0125,−0.0144,−0.0108,0.999,5.19,2.64,0.702,0.087,1.31,0.541,0.226,0.104,1.04,2.29,2.26,2.46,2.87,1.24,1.6,8.29,26.9,46.3,26,10.6,−1.49,−3.75,−3.72,4.48,4.04,2.93,2.32,4.69,4.02,−4.85,5.11,2.42,3.63,4.1,5.01,5.15
Togo,0.276,1.61,0.357,0.812,−7.91,0.844,0.908,1.45,11.3,5.9,3.76,1.06,1.96,0.188,−1.38,2.13,0.576,0.572,0.94,0.678,1.12,0.404,−0.774,−1.51,−0.332,−0.597,0.154,0.818,0.7,0.957,3.54,4.9,3.39,2.16,3.54,4.21,3.89,2.34,1.53,1.37,3.65,18.8,3.14,4.25,1.18,6.17,−0.768,1.38,−2.54,4.79,8.44
Thailand,0.604,0.527,0.839,0.718,1.37,0.575,0.466,0.536,0.232,0.202,0.587,0.834,0.522,0.873,0.959,0.42,0.609,0.696,1.79,2.46,2.86,2.05,1.9,1.4,0.932,1.22,1.28,2.59,6.43,4.82,2.66,4.21,2.49,3.44,3.39,4.34,4.02,3.28,2.94,2.28,4.32,0.667,3.24,3.79,1.22,2.22,0.843,1.82,2.6,0.88,−0.966
Tajikistan,,,,,,,,,,,,,,,,,,,,,,,0.417,0.547,0.79,0.812,1.72,1.95,2.27,0.617,2.74,0.879,2.95,2.03,13.1,2.36,12,9.68,9.43,2.99,1.66,2.24,3.17,3.35,3.58,5.49,3.46,2.47,2.84,2.56,1.3
Turkmenistan,,,,,,,,,,,,,,,,,,,,,,,0,2.48,4.02,9.39,4.54,4.4,2.39,5.1,4.51,4.81,6.19,3.78,5.17,5.16,7.11,6.76,6.63,22.5,16.1,11.6,8.9,7.3,8.8,8.5,6.2,5.5,4.9,4.71,
Timor-Leste,,,,,,,,,,,,,,,,,,,,,,,,,,,,,,,,,,0.921,,0.196,1.87,1.6,6.12,6.6,3.44,4.71,3.48,4,2.34,2.7,0.332,0.416,3.03,3.64,3.81
Tonga,,,,,,0,0,0.117,0.12,0,0,0,0,0,0.0311,0.0349,0.166,0.238,0.0545,0.104,0.0876,0.151,0.908,0.254,1.27,0.492,0.128,−0.0049,0.0239,0.481,4.5,4.21,2.57,0.0901,2.4,2.29,3.76,5.89,6.25,0.0791,1.27,1.84,−0.179,1.39,3.01,1.45,1.36,−1.22,4.07,0.34,0.865
Trinidad and Tobago,10.1,11.5,7.95,5.01,5.88,3.81,5.29,2.66,3.62,2.04,2.96,3.69,2.5,1.52,1.46,0.016,−0.303,0.691,1.4,3.44,2.16,3.19,3.27,8.12,10.4,5.61,6.17,17.4,12.1,9.45,8.33,9.46,11.2,7.15,7.52,5.88,4.81,3.84,10,3.7,2.48,0.161,−7.39,−4.14,2.4,0.708,−0.105,−2.1,−2.96,0.793,−0.475
Tunisia,1.11,1.36,1.47,2.12,0.79,1.04,2.43,1.83,1.53,0.685,2.68,3.51,4.18,2.21,1.37,1.28,0.712,0.946,0.6,0.772,0.63,0.96,3.39,3.85,2.76,1.53,1.22,1.65,2.98,1.51,3.5,2.05,3.41,1.97,1.9,2.21,9.42,3.89,5.8,3.51,2.89,0.899,3.29,2.17,2.04,2.12,1.4,1.92,2.32,1.94,1.42
Turkey,0.339,0.277,0.21,0.307,0.18,0.255,0.0195,0.046,0.0522,0.0839,0.0262,0.134,0.0852,0.0746,0.188,0.147,0.165,0.132,0.39,0.619,0.475,0.54,0.533,0.376,0.465,0.522,0.398,0.424,0.341,0.305,0.358,1.66,0.45,0.541,0.681,1.98,3.62,3.24,2.58,1.32,1.17,1.93,1.56,1.42,1.42,2.23,1.59,1.29,1.65,1.22,1.06
Tuvalu,,,,,,,,,,,,,,,,,,,,,,,,,,,,,,,,−0.0706,−0.0633,−0.0602,−0.0543,−0.0523,−0.0462,−0.0409,5.57,6.46,1.43,−0.308,3.52,0.898,0.804,0.845,0.821,0.739,0.702,0.632,0.205
Tanzania,,,,,,,,,,,,,,,,,,,0.0737,0.132,0.00023,0.0002,0.264,0.48,1.11,2.28,2.31,2.05,1.4,4.06,3.46,4.04,2.8,2.09,2.65,5.08,2.16,2.66,4.95,3.28,5.66,3.55,4.54,4.57,2.83,3.18,1.74,1.76,1.7,1.99,1.1
Uganda,0.333,−0.0846,−0.798,0.305,0.0809,0.089,0.0838,0.0272,0.0814,0.0935,0.321,0,0.0928,0,0,−0.114,0,0,0.0722,−0.0334,−0.137,0.0301,0.105,1.7,2.21,2.11,2,2.79,3.19,2.34,2.59,2.59,2.99,3.06,3.72,4.11,6.46,6.66,5.05,3.35,2.04,3.21,4.41,3.79,3.25,2.28,2.14,2.61,3.21,3.6,2.32
Ukraine,,,,,,,,,,,,,,,,,,,,,,,0.27,0.305,0.303,0.554,1.17,1.24,1.77,1.57,1.84,2.01,1.58,2.74,2.55,8.75,5.01,6.85,5.69,3.92,4.57,4.26,4.48,2.37,0.634,−0.218,4.42,3.28,3.8,3.77,0.196
Uruguay,0.0997,−0.0296,−0.0521,0.0351,−0.00196,0.64,0.0859,1.6,2.62,3,2.85,0.44,−0.149,0.11,0.0701,−0.167,0.629,0.68,0.57,0.447,0.447,0.289,0.0877,0.677,0.884,0.811,0.667,0.472,0.646,0.981,1.15,1.49,1.32,3.34,2.58,4.76,7.7,5.8,7.05,5.06,5.44,5.61,12.5,1.72,7.14,5.02,−0.901,4.18,2.83,2.24,0.564
United States,0.114,0.0661,0.0993,0.135,0.229,0.137,0.155,0.14,0.234,0.306,0.586,0.801,0.635,0.316,0.625,0.222,0.676,1.3,1.09,1.34,1.19,0.561,0.465,0.732,0.768,0.904,1.21,1.42,2.33,3.24,3.41,1.63,1.02,1.02,1.75,1.09,2.16,2.4,2.32,1.11,1.76,1.7,1.55,1.72,1.44,2.8,2.53,1.95,1.04,1.41,1.01
Uzbekistan,,,,,,,,,,,,,,,,,,,,,,,0.0695,0.366,0.566,−0.18,0.645,1.13,0.931,0.71,0.543,0.726,0.674,0.815,1.47,1.34,1,3.16,2.41,2.5,3.34,2.68,1.1,0.945,1,1.21,1.93,2.9,1.19,3.87,2.89
St. Vincent and the Grenadines,,,,,,,,,−0.822,0.844,1.34,0.49,1.32,1.72,1.04,1.24,4.58,2.83,4.54,4.93,3.19,3.49,5,11,16.2,9.7,12.9,26.6,23.8,14.5,9.53,4.89,7.37,11.4,12.6,7.28,17.9,17.4,22.9,16.3,14.3,12.7,16.7,17.6,17.1,16.4,10.4,20.6,5.13,9.01,3.82
Venezuela,−0.199,1.62,−2.69,−0.493,−1.65,1.52,−2.83,−0.00828,0.17,0.182,0.093,0.277,0.379,0.127,0.03,0.11,0.0265,0.0437,0.148,0.489,0.928,3.58,1.04,0.619,1.37,1.29,3.09,7.22,5.5,2.99,4.01,3.01,0.819,1.88,1.32,1.68,0.108,1.89,0.659,−0.345,0.403,1.85,1.31,0.578,0.235,,,,,,
Vietnam,,,,,,,,,,,,,,,,−0.00057,0.00015,0.0283,0.0302,0.0647,2.78,3.9,4.8,7.03,11.9,8.59,9.71,8.27,6.14,4.92,4.16,3.98,3.99,3.67,3.54,3.39,3.62,8.65,9.66,7.17,6.9,5.48,5.37,5.2,4.94,6.11,6.14,6.3,6.32,6.15,5.83
Vanuatu,,,,,,,,,,4.1,3.83,6.26,6.05,5,5.15,3.51,1.59,9.24,6.83,5.95,7.76,12.7,12.7,13,12.7,12.5,12.5,11.1,7.77,5,7.45,6.98,5.39,5.73,5.44,3.36,9.89,6.61,6.38,5.42,9.41,7.94,8.08,7.83,1.72,4.24,6.28,4.34,4.11,2.87,2.79
Samoa,,,,,,,,,,,,,0.132,−0.0894,0.00916,0.45,−0.198,0.492,0.0902,0.127,5.25,2.54,3.78,3.76,1.36,1.53,0.464,7,1.11,−0.278,−0.449,0.518,0.555,0.804,0.59,0.808,4.33,1.2,7.41,1.69,0.0507,2.06,2.75,1.79,3.02,3.41,0.315,1.11,2.04,−0.256,0.548
Yemen,,,,,,,,,,,,,,,,,,,,,−2.32,4.76,11.1,16.8,0.379,−5.11,−1.04,−2.03,−3.47,−4.03,0.0663,1.57,1.07,−0.757,1.03,−1.8,5.88,4.24,5.78,0.514,0.61,−1.58,−0.0402,−0.331,−0.539,−0.0364,−1.79,−1.01,−1.31,,
South Africa,1.82,1.28,0.536,0.0935,1.89,0.493,0.0503,−0.3,−0.234,−0.841,−0.0124,0.0761,0.42,0.0811,0.542,−0.766,−0.0748,−0.216,0.166,−0.203,−0.0655,0.205,0.0025,0.00767,0.244,0.727,0.5,2.26,0.36,0.992,0.638,5.37,1.15,0.397,0.274,2.26,0.205,1.98,3.13,2.31,0.885,0.903,1.06,2.05,1.52,0.439,0.685,0.54,1.38,1.32,0.954
Zambia,0.522,0.499,1.52,1.41,1.22,1.45,1.13,1.73,1.37,1.06,1.61,−0.992,0.976,0.799,0.628,2.26,1.7,3.28,2.51,4.09,6.17,1.02,1.41,9.61,1.09,2.81,3.53,4.82,5.6,4.76,3.38,3.54,7.11,7.08,5.85,4.28,4.83,9.42,5.24,4.53,8.53,4.73,6.79,7.49,5.56,7.45,3.16,4.28,1.55,2.35,−0.954
Zimbabwe,0.991,1,0.877,0.921,0.837,0.66,0.674,−0.0874,0.0579,0.00284,0.0232,0.0443,−0.00985,−0.0267,−0.0392,0.0505,0.12,−0.453,−0.231,−0.123,−0.139,0.0323,0.221,0.426,0.503,1.66,0.946,1.58,6.94,0.86,0.347,0.0561,0.408,0.0664,0.15,1.79,0.735,1.3,1.17,1.09,1.02,2.44,2.04,1.95,2.43,2,1.67,1.75,3.96,1.29,0.833
